Company Name,Ticker,Exchange,GICS Sector,GICS Industry Group,GICS Industry,GICS Sub-Industry,Country
Abbott Laboratories,ABT,"New York Stock Exchange, Inc.",Health Care,Health Care Equipment and Services,Health Care Equipment & Supplies,Health Care Equipment,US
AbbVie Inc,ABBV,"New York Stock Exchange, Inc.",Health Care,Pharmaceuticals and Biotechnology,Biotechnology,Biotechnology,US
Abercrombie & Fitch Co,ANF,"New York Stock Exchange, Inc.",Consumer Discretionary,Retailing,Specialty Retail,Apparel Retail,US
Acadia Healthcare Co Inc,ACHC,Nasdaq,Health Care,Health Care Equipment and Services,Health Care Providers and Services,Health Care Facilities,US
Activision Blizzard Inc,ATVI,Nasdaq,Communication Services,Media and Entertainment,Entertainment,Interactive Home Entertainment,US
Adobe Inc,ADBE,Nasdaq,Information Technology,Software and Services,Software,Application Software,US
Advanced Micro Devices,AMD,Nasdaq,Information Technology,Semiconductors and Semiconductor Equipment,Semiconductors & Semiconductor Equipment,Semiconductors,US
Aemetis Inc,AMTX,Nasdaq,Energy,Energy,"Oil, Gas and Consumable Fuels",Oil and Gas Refining and Marketing,US
Aflac Inc,AFL,"New York Stock Exchange, Inc.",Financials,Insurance,Insurance,Life and Health Insurance,US
Air Canada,AC.TO,Toronto Stock Exchange,Industrials,Transportation,Airlines,Airlines,Canada
Air Products & Chemicals Inc,APD,"New York Stock Exchange, Inc.",Materials,Materials,Chemicals,Industrial Gases,US
Alibaba Group Holding Ltd,BABA,"New York Stock Exchange, Inc.",Consumer Discretionary,Retailing,Internet & Direct Marketing Retail,Internet & Direct Marketing Retail,US
Alimentation Couche-Tard Inc,ATD.TO,Toronto Stock Exchange,Consumer Staples,Food and Staples Retailing,Food and Staples Retailing,Food Retail,Canada
Allstate Corp,ALL,"New York Stock Exchange, Inc.",Financials,Insurance,Insurance,Property and Casualty Insurance,US
Alphabet Inc,GOOG,Nasdaq,Communication Services,Media and Entertainment,Interactive Media & Services,Interactive Media & Services,US
Aluminum Corporation of China Ltd,ACH,"New York Stock Exchange, Inc.",Materials,Materials,Metals and Mining,Aluminum,US
Amazon.com Inc,AMZN,Nasdaq,Consumer Discretionary,Retailing,Internet & Direct Marketing Retail,Internet & Direct Marketing Retail,US
Ambev SA,ABEV3.SA,B3 S.A.,Consumer Staples,"Food, Beverage and Tobacco",Beverages,Brewers,Brazil
AMC Entertainment Holdings,AMC,"New York Stock Exchange, Inc.",Communication Services,Media and Entertainment,Entertainment,Movies & Entertainment,US
American Airlines Group Inc,AAL,Nasdaq,Industrials,Transportation,Airlines,Airlines,US
American Eagle Outfitters Inc,AEO,"New York Stock Exchange, Inc.",Consumer Discretionary,Retailing,Specialty Retail,Apparel Retail,US
American Electric Power Co Inc,AEP,Nasdaq,Utilities,Utilities,Electric Utilities,Electric Utilities,US
American Express Co,AXP,"New York Stock Exchange, Inc.",Financials,Diversified Financials,Consumer Finance,Consumer Finance,US
American Water Works Co Inc,AWK,"New York Stock Exchange, Inc.",Utilities,Utilities,Water Utilities,Water Utilities,US
Amgen Inc,AMGN,Nasdaq,Health Care,Pharmaceuticals and Biotechnology,Biotechnology,Biotechnology,US
AMN Healthcare Services Inc,AMN,"New York Stock Exchange, Inc.",Health Care,Health Care Equipment and Services,Health Care Providers and Services,Health Care Services,US
Anhui Conch Cement Co Ltd,0914.HK,Hong Kong Exchanges And Clearing Ltd,Materials,Materials,Construction Materials,Construction Materials,HK
Apple Inc,AAPL,Nasdaq,Information Technology,Technology Hardware and Equipment,"Technology Hardware, Storage and Peripherals","Technology Hardware, Storage and Peripherals",US
Aptiv PLC,APTV,"New York Stock Exchange, Inc.",Consumer Discretionary,Automobiles and Components,Auto Components,Auto Parts and Equipment,US
ArcBest Corp,ARCB,Nasdaq,Industrials,Transportation,Road and Rail,Trucking,US
Arista Networks Inc,ANET,"New York Stock Exchange, Inc.",Information Technology,Technology Hardware and Equipment,Communications Equipment,Communications Equipment,US
Artisan Partners Asset Management Inc,APAM,"New York Stock Exchange, Inc.",Financials,Diversified Financials,Capital Markets,Asset Management and Custody Banks,US
ASGN Inc,ASGN,"New York Stock Exchange, Inc.",Industrials,Commercial Services and Supplies,Professional Services,Human Resource and Employment Services,US
Ashland Global Holdings Inc,ASH,"New York Stock Exchange, Inc.",Materials,Materials,Chemicals,Specialty Chemicals,US
Asian Paints Ltd,ASIANPAINT.BO,BSE LTD,Materials,Materials,Chemicals,Specialty Chemicals,India
Astra Microwave Products Ltd,ASTRAMICRO.BO,BSE LTD,Information Technology,Technology Hardware and Equipment,Communications Equipment,Communications Equipment,India
AstraZeneca PLC,AZN.L,London Stock Exchange,Health Care,Pharmaceuticals and Biotechnology,Pharmaceuticals,Pharmaceuticals,UK
AT&T Inc,T,"New York Stock Exchange, Inc.",Communication Services,Telecommunication Services,Diversified Telecommunication Services,Integrated Telecommunication Services,US
Atacadao SA,CRFB3.SA,B3 S.A.,Consumer Staples,Food and Staples Retailing,Food and Staples Retailing,Hypermarkets and Super Centers,Brazil
Atul Ltd,ATUL.BO,BSE LTD,Materials,Materials,Chemicals,Diversified Chemicals,India
Aurobindo Pharma Ltd,AUROPHARMA.BO,BSE LTD,Health Care,Pharmaceuticals and Biotechnology,Pharmaceuticals,Pharmaceuticals,India
Aurora Cannabis Inc,ACB.TO,Toronto Stock Exchange,Health Care,Pharmaceuticals and Biotechnology,Pharmaceuticals,Pharmaceuticals,Canada
Autozone Inc,AZO,"New York Stock Exchange, Inc.",Consumer Discretionary,Retailing,Specialty Retail,Automotive Retail,US
Aviva PLC,AV.L,London Stock Exchange,Financials,Insurance,Insurance,Multi-line Insurance,UK
Axis Bank Ltd,AXISBANK.BO,BSE LTD,Financials,Banks,Banks,Diversified Banks,India
B3 SA - Brasil Bolsa Balcao,B3SA3.SA,B3 S.A.,Financials,Diversified Financials,Capital Markets,Financial Exchanges & Data,Brazil
Baidu Inc,BIDU,Nasdaq,Communication Services,Media and Entertainment,Interactive Media & Services,Interactive Media & Services,US
Bajaj Auto Ltd,BAJAJ-AUTO.BO,BSE LTD,Consumer Discretionary,Automobiles and Components,Automobiles,Motorcycle Manufacturers,India
Bajaj Finserv Ltd,BAJAJFINSV.BO,BSE LTD,Financials,Diversified Financials,Diversified Financial Services,Other Diversified Financial Services,India
Banco BTG Pactual S.A.,BPAC11.SA,B3 S.A.,Financials,Diversified Financials,Capital Markets,Diversified Capital Markets,Brazil
Banco do Brasil SA BB Brasil,BBAS3.SA,B3 S.A.,Financials,Banks,Banks,Diversified Banks,Brazil
Banco Santander (Brasil) SA,SANB11.SA,B3 S.A.,Financials,Banks,Banks,Diversified Banks,Brazil
Bank Bradesco SA,BBDC3.SA,B3 S.A.,Financials,Banks,Banks,Diversified Banks,Brazil
Bank of America Corp,BAC,"New York Stock Exchange, Inc.",Financials,Banks,Commercial Banks,Diversified Banks,US
Bank Of Ningbo Co Ltd,002142.SZ,Shenzhen Stock Exchange,Financials,Banks,Banks,Regional Banks,China
Bank of Nova Scotia,BNS.TO,Toronto Stock Exchange,Financials,Banks,Banks,Diversified Banks,Canada
Bank OZK,OZK,Nasdaq,Financials,Banks,Banks,Regional Banks,US
Barclays PLC,BCS,"New York Stock Exchange, Inc.",Financials,Banks,Banks,Diversified Banks,US
Barnes & Noble Education Inc,BNED,"New York Stock Exchange, Inc.",Consumer Discretionary,Retailing,Specialty Retail,Specialty Stores,US
Bata India Ltd,BATAINDIA.BO,BSE LTD,Consumer Discretionary,Consumer Durables and Apparel,"Textiles, Apparel and Luxury Goods",Footwear,India
Baxter International Inc,BAX,"New York Stock Exchange, Inc.",Health Care,Health Care Equipment and Services,Health Care Equipment and Supplies,Health Care Equipment,US
BB Seguridade Participacoes SA,BBSE3.SA,B3 S.A.,Financials,Insurance,Insurance,Multi-line Insurance,Brazil
BCE Inc,BCE.TO,Toronto Stock Exchange,Communication Services,Telecommunication Services,Diversified Telecommunication Services,Integrated Telecommunication Services,Canada
Beacon Roofing Supply Inc,BECN,Nasdaq,Industrials,Capital Goods,Trading Companies and Distributors,Trading Companies and Distributors,US
Bed Bath & Beyond Inc,BBBY,Nasdaq,Consumer Discretionary,Retailing,Specialty Retail,Homefurnishing Retail,US
Benefitfocus Inc,BNFT,Nasdaq,Information Technology,Software and Services,Software,Application Software,US
Berger Paints India Ltd,BERGEPAINT.BO,BSE LTD,Materials,Materials,Chemicals,Commodity Chemicals,India
Best Buy Co Inc,BBY,"New York Stock Exchange, Inc.",Consumer Discretionary,Retailing,Specialty Retail,Computer and Electronics Retail,US
Bharat Heavy Electricals Ltd,BHEL.BO,BSE LTD,Industrials,Capital Goods,Electrical Equipment,Heavy Electrical Equipment,India
Bharti Airtel Ltd,BHARTIARTL.BO,BSE LTD,Communication Services,Telecommunication Services,Wireless Telecommunication Services,Wireless Telecommunication Services,India
BHP Group PLC,BHP.L,London Stock Exchange,Materials,Materials,Metals and Mining,Diversified Metals and Mining,UK
Bill.com Holdings Inc,BILL,"New York Stock Exchange, Inc.",Information Technology,Software and Services,Software,Application Software,US
Blackrock Inc,BLK,"New York Stock Exchange, Inc.",Financials,Diversified Financials,Capital Markets,Asset Management & Custody Banks,US
Blackstone Inc,BX,"New York Stock Exchange, Inc.",Financials,Diversified Financials,Capital Markets,Asset Management and Custody Banks,US
Boeing Co,BA,"New York Stock Exchange, Inc.",Industrials,Capital Goods,Aerospace and Defense,Aerospace and Defense,US
Bombardier Inc,BBD-B.TO,Toronto Stock Exchange,Industrials,Capital Goods,Aerospace and Defense,Aerospace and Defense,Canada
BorgWarner Inc,BWA,"New York Stock Exchange, Inc.",Consumer Discretionary,Automobiles and Components,Auto Components,Auto Parts and Equipment,US
Bosch Ltd,BOSCHLTD.BO,BSE LTD,Consumer Discretionary,Automobiles and Components,Auto Components,Auto Parts and Equipment,India
Boyd Group Services Inc,BYD.TO,Toronto Stock Exchange,Industrials,Commercial Services and Supplies,Commercial Services and Supplies,Diversified Support Services,Canada
BP PLC,BP,"New York Stock Exchange, Inc.",Energy,Energy,"Oil, Gas and Consumable Fuels",Integrated Oil and Gas,US
BR Malls Participacoes SA,BRML3.SA,B3 S.A.,Real Estate,Real Estate,Real Estate Management & Development,Real Estate Operating Companies,Brazil
BRF SA,BRFS3.SA,B3 S.A.,Consumer Staples,"Food, Beverage and Tobacco",Food Products,Packaged Foods and Meats,Brazil
Bristol-Myers Squibb Co,BMY,"New York Stock Exchange, Inc.",Health Care,Pharmaceuticals and Biotechnology,Pharmaceuticals,Pharmaceuticals,US
Broadcom Inc,AVGO,Nasdaq,Information Technology,Semiconductors and Semiconductor Equipment,Semiconductors & Semiconductor Equipment,Semiconductors,US
Brookfield Asset Management,BAM,"New York Stock Exchange, Inc.",Financials,Diversified Financials,Capital Markets,Asset Management & Custody Banks,US
BT Group PLC,BT-A.L,London Stock Exchange,Communication Services,Telecommunication Services,Diversified Telecommunication Services,Integrated Telecommunication Services,UK
Build-A-Bear Workshop Inc,BBW,"New York Stock Exchange, Inc.",Consumer Discretionary,Retailing,Specialty Retail,Specialty Stores,US
Bunzl PLC,BNZL.L,London Stock Exchange,Industrials,Capital Goods,Trading Companies and Distributors,Trading Companies and Distributors,UK
Burlington Stores Inc,BURL,"New York Stock Exchange, Inc.",Consumer Discretionary,Retailing,Specialty Retail,Apparel Retail,US
Caesars Entertainment Inc,CZR,Nasdaq,Consumer Discretionary,Consumer Services,"Hotels, Restaurants & Leisure",Casinos & Gaming,US
Cameco Corp,CCJ,"New York Stock Exchange, Inc.",Energy,Energy,"Oil, Gas and Consumable Fuels",Coal and Consumable Fuels,US
Campbell Soup Co,CPB,"New York Stock Exchange, Inc.",Consumer Staples,"Food, Beverage and Tobacco",Food Products,Packaged Foods and Meats,US
Canada Goose Holdings Inc,GOOS.TO,Toronto Stock Exchange,Consumer Discretionary,Consumer Durables and Apparel,"Textiles, Apparel and Luxury Goods","Apparel, Accessories and Luxury Goods",Canada
Canadian National Railway Co,CNI,"New York Stock Exchange, Inc.",Industrials,Transportation,Road & Rails,Railroads,US
Canadian Natural Resources Ltd,CNQ.TO,Toronto Stock Exchange,Energy,Energy,"Oil, Gas and Consumable Fuels",Oil and Gas Exploration and Production,Canada
Canadian Pacific Railway Ltd,CP,"New York Stock Exchange, Inc.",Industrials,Transportation,Road & Rails,Railroads,US
Canadian Utilities Ltd,CU.TO,Toronto Stock Exchange,Utilities,Utilities,Multi-Utilities,Multi-Utilities,Canada
Canadian Western Bank,CWB.TO,Toronto Stock Exchange,Financials,Banks,Banks,Regional Banks,Canada
Carclo PLC,CAR.L,London Stock Exchange,Materials,Materials,Chemicals,Specialty Chemicals,UK
Cardiovascular Systems Inc,CSII,Nasdaq,Health Care,Health Care Equipment and Services,Health Care Equipment and Supplies,Health Care Equipment,US
Cargojet Inc,CJT.TO,Toronto Stock Exchange,Industrials,Transportation,Air Freight and Logistics,Air Freight and Logistics,Canada
CarMax Inc,KMX,"New York Stock Exchange, Inc.",Consumer Discretionary,Retailing,Specialty Retail,Automotive Retail,US
Carnival PLC,CCL.L,London Stock Exchange,Consumer Discretionary,Consumer Services,"Hotels, Restaurants and Leisure","Hotels, Resorts and Cruise Lines",UK
Casey's General Stores Inc,CASY,Nasdaq,Consumer Staples,Food and Staples Retailing,Food and Staples Retailing,Food Retail,US
Catalyst Pharmaceuticals Inc,CPRX,Nasdaq,Health Care,Pharmaceuticals and Biotechnology,Biotechnology,Biotechnology,US
Caterpillar Inc,CAT,"New York Stock Exchange, Inc.",Industrials,Capital Goods,Machinery,Construction & Farm Machinery & Heavy Trucks,US
CCR SA,CCRO3.SA,B3 S.A.,Industrials,Transportation,Transportation Infrastructure,Highways and Railtracks,Brazil
Centene Corp,CNC,"New York Stock Exchange, Inc.",Health Care,Health Care Equipment and Services,Health Care Providers and Services,Managed Health Care,US
Centrais Eletricas Brasileiras SA,ELET3.SA,B3 S.A.,Utilities,Utilities,Electric Utilities,Electric Utilities,Brazil
Cheesecake Factory Inc,CAKE,Nasdaq,Consumer Discretionary,Consumer Services,"Hotels, Restaurants and Leisure",Restaurants,US
Chevron Corp,CVX,"New York Stock Exchange, Inc.",Energy,Energy,"Oil, Gas and Consumable Fuels",Integrated Oil and Gas,US
China Automotive Systems Inc,CAAS,Nasdaq,Consumer Discretionary,Automobiles and Components,Auto Components,Auto Parts and Equipment,US
China Construction Bank Corp,0939.HK,Hong Kong Exchanges And Clearing Ltd,Financials,Banks,Banks,Diversified Banks,HK
China Eastern Airlines Corp Ltd,CEA,"New York Stock Exchange, Inc.",Industrials,Transportation,Airlines,Airlines,US
China Finance Online Co Ltd,JRJC,Nasdaq,Financials,Diversified Financials,Capital Markets,Investment Banking and Brokerage,US
China Gas Holdings Ltd,0384.HK,Hong Kong Exchanges And Clearing Ltd,Utilities,Utilities,Gas Utilities,Gas Utilities,HK
China Mobile Ltd,0941.HK,Hong Kong Exchanges And Clearing Ltd,Communication Services,Telecommunication Services,Wireless Telecommunication Services,Wireless Telecommunication Services,HK
China Natural Resources Inc,CHNR,Nasdaq,Materials,Materials,Metals and Mining,Diversified Metals and Mining,US
China Petroleum & Chemical Corp,SNP,"New York Stock Exchange, Inc.",Energy,Energy,"Oil, Gas and Consumable Fuels",Integrated Oil and Gas,US
China Southern Airlines Co Ltd,ZNH,"New York Stock Exchange, Inc.",Industrials,Transportation,Airlines,Airlines,US
China State Construction International Holdings Ltd,3311.HK,Hong Kong Exchanges And Clearing Ltd,Industrials,Capital Goods,Construction and Engineering,Construction and Engineering,HK
China Tourism Group Duty Free Corp Ltd,601888.SS,Shanghai Stock Exchange,Consumer Discretionary,Retailing,Specialty Retail,Specialty Stores,China
China Vanke Co Ltd,000002.SZ,Shenzhen Stock Exchange,Real Estate,Real Estate,Real Estate Management & Development,Real Estate Development,China
China World Trade Center Co Ltd,600007.SS,Shanghai Stock Exchange,Real Estate,Real Estate,Real Estate Management & Development,Real Estate Operating Companies,China
China Yangtze Power Co Ltd,600900.SS,Shanghai Stock Exchange,Utilities,Utilities,Independent Power and Renewable Electricity Producers,Renewable Electricity,China
China Yuchai International Ltd,CYD,"New York Stock Exchange, Inc.",Industrials,Capital Goods,Machinery,Construction Machinery and Heavy Trucks,US
Chipotle Mexican Grill Inc,CMG,"New York Stock Exchange, Inc.",Consumer Discretionary,Consumer Services,"Hotels, Restaurants and Leisure",Restaurants,US
Cielo SA,CIEL3.SA,B3 S.A.,Information Technology,Software and Services,IT Services,Data Processing and Outsourced Services,Brazil
Cipla Ltd,CIPLA.BO,BSE LTD,Health Care,Pharmaceuticals and Biotechnology,Pharmaceuticals,Pharmaceuticals,India
CISCO Systems Inc,CSCO,Nasdaq,Information Technology,Technology Hardware and Equipment,Communications Equipment,Communications Equipment,US
CITIC Ltd,0267.HK,Hong Kong Exchanges And Clearing Ltd,Industrials,Capital Goods,Industrial Conglomerates,Industrial Conglomerates,HK
Citigroup Inc,C,"New York Stock Exchange, Inc.",Financials,Banks,Banks,Diversified Banks,US
City of London Investment Group PLC,CLIG.L,London Stock Exchange,Financials,Diversified Financials,Capital Markets,Asset Management and Custody Banks,UK
Clearwater Paper Corp,CLW,"New York Stock Exchange, Inc.",Materials,Materials,Paper and Forest Products,Paper Products,US
Coal India Ltd,COALINDIA.BO,BSE LTD,Energy,Energy,"Oil, Gas and Consumable Fuels",Coal and Consumable Fuels,India
Coca-Cola Co,KO,"New York Stock Exchange, Inc.",Consumer Staples,"Food, Beverage and Tobacco",Beverages,Soft Drinks,US
Cognizant Technology Solutions Corp,CTSH,Nasdaq,Information Technology,Software and Services,IT Services,IT Consulting and Other Services,US
Colgate-Palmolive Co,CL,"New York Stock Exchange, Inc.",Consumer Staples,Household and Personal Products,Household Products,Household Products,US
Comcast Corp,CMCSA,Nasdaq,Communication Services,Media and Entertainment,Media,Cable & Satellite,US
Companhia De Saneamento Basico Do Estado De Sao Paulo,SBSP3.SA,B3 S.A.,Utilities,Utilities,Water Utilities,Water Utilities,Brazil
Companhia Siderurgica Nacional,CSNA3.SA,B3 S.A.,Materials,Materials,Metals and Mining,Steel,Brazil
Compass Group PLC,CPG.L,London Stock Exchange,Consumer Discretionary,Consumer Services,"Hotels, Restaurants and Leisure",Restaurants,UK
Constellation Software Inc,CSU.TO,Toronto Stock Exchange,Information Technology,Software and Services,Software,Application Software,Canada
Continental Resources Inc,CLR,"New York Stock Exchange, Inc.",Energy,Energy,"Oil, Gas and Consumable Fuels",Oil and Gas Exploration and Production,US
Corteva Inc,CTVA,"New York Stock Exchange, Inc.",Materials,Materials,Chemicals,Fertilizers and Agricultural Chemicals,US
Cosan SA,CSAN3.SA,B3 S.A.,Energy,Energy,"Oil, Gas and Consumable Fuels",Oil and Gas Refining and Marketing,Brazil
Costco Wholesale Corp,COST,Nasdaq,Consumer Staples,Food and Staples Retailing,Food and Staples Retailing,Hypermarkets and Super Centers,US
CPFL Energia S.A.,CPFE3.SA,B3 S.A.,Utilities,Utilities,Electric Utilities,Electric Utilities,Brazil
Credit Suisse Group AG,CS,"New York Stock Exchange, Inc.",Financials,Diversified Financials,Capital Markets,Diversified Capital Markets,US
CVS Health Corp,CVS,"New York Stock Exchange, Inc.",Health Care,Health Care Equipment and Services,Health Care Providers and Services,Health Care Services,US
Daily Journal Corp,DJCO,Nasdaq,Communication Services,Media and Entertainment,Media,Publishing,US
Deere & Co,DE,"New York Stock Exchange, Inc.",Industrials,Capital Goods,Machinery,Agricultural & Farm Machinery,US
Delta Air Lines Inc,DAL,"New York Stock Exchange, Inc.",Industrials,Transportation,Airlines,Airlines,US
Deutsche Bank AG,DB,"New York Stock Exchange, Inc.",Financials,Diversified Financials,Capital Markets,Diversified Capital Markets,US
Diageo PLC,DEO,"New York Stock Exchange, Inc.",Consumer Staples,"Food, Beverage and Tobacco",Beverages,Distillers & Vintners,US
Digital Realty Trust Inc,DLR,"New York Stock Exchange, Inc.",Real Estate,Real Estate,Equity Real Estate Investment Trusts (REITs),Specialized REITs,US
Discover Financial Services,DFS,"New York Stock Exchange, Inc.",Financials,Diversified Financials,Consumer Finance,Consumer Finance,US
discoverIE Group PLC,DSCV.L,London Stock Exchange,Industrials,Capital Goods,Electrical Equipment,Electrical Components and Equipment,UK
Dollar General Corp,DG,"New York Stock Exchange, Inc.",Consumer Discretionary,Retailing,Multiline Retail,General Merchandise Stores,US
Dollar Tree Inc,DLTR,Nasdaq,Consumer Discretionary,Retailing,Multiline Retail,General Merchandise Stores,US
Dollarama Inc,DOL.TO,Toronto Stock Exchange,Consumer Discretionary,Retailing,Multiline Retail,General Merchandise Stores,Canada
Dominion Energy Inc,D,"New York Stock Exchange, Inc.",Utilities,Utilities,Multi-Utilities,Multi-Utilities,US
Dominos Pizza Inc,DOM.L,London Stock Exchange,Consumer Discretionary,Consumer Services,"Hotels, Restaurants & Leisure",Restaurants,UK
Douglas Dynamics Inc,PLOW,"New York Stock Exchange, Inc.",Industrials,Capital Goods,Machinery,Construction Machinery and Heavy Trucks,US
Dr Reddy's Laboratories Ltd,DRREDDY.BO,BSE LTD,Health Care,Pharmaceuticals and Biotechnology,Pharmaceuticals,Pharmaceuticals,India
Dropbox Inc,DBX,Nasdaq,Information Technology,Software and Services,Software,Application Software,US
DXC Technology Co,DXC,"New York Stock Exchange, Inc.",Information Technology,Software and Services,IT Services,IT Consulting and Other Services,US
Eastman Chemical Co,EMN,"New York Stock Exchange, Inc.",Materials,Materials,Chemicals,Diversified Chemicals,US
easyJet PLC,EZJ.L,London Stock Exchange,Industrials,Transportation,Airlines,Airlines,UK
eClerx Services Ltd,ECLERX.BO,BSE LTD,Information Technology,Software and Services,IT Services,Data Processing and Outsourced Services,India
Embraer SA,EMBR3.SA,B3 S.A.,Industrials,Capital Goods,Aerospace and Defense,Aerospace and Defense,Brazil
Enbridge Inc,ENB,"New York Stock Exchange, Inc.",Energy,Energy,"Oil, Gas & Consumable Fuels",Oil & Gas Storage & Transportation,US
Endeavor Group Holdings,EDR,"New York Stock Exchange, Inc.",Communication Services,Media and Entertainment,Entertainment,Movies & Entertainment,US
Endo International PLC,ENDP,Nasdaq,Health Care,Pharmaceuticals and Biotechnology,Pharmaceuticals,Pharmaceuticals,US
Energy Transfer LP,ET,"New York Stock Exchange, Inc.",Energy,Energy,"Oil, Gas and Consumable Fuels",Oil and Gas Storage and Transportation,US
Enghouse Systems Ltd,ENGH.TO,Toronto Stock Exchange,Information Technology,Software and Services,Software,Application Software,Canada
ENGIE Brasil Energia SA,EGIE3.SA,B3 S.A.,Utilities,Utilities,Independent Power and Renewable Electricity Producers,Renewable Electricity,Brazil
Equatorial Energia SA,EQTL3.SA,B3 S.A.,Utilities,Utilities,Electric Utilities,Electric Utilities,Brazil
ETSY Inc,ETSY,Nasdaq,Consumer Discretionary,Retailing,Internet & Catalog Retail,Internet Retail,US
Experian PLC,EXPN.L,London Stock Exchange,Industrials,Commercial Services and Supplies,Professional Services,Research and Consulting Services,UK
Extra Space Storage Inc,EXR,"New York Stock Exchange, Inc.",Real Estate,Real Estate,Equity Real Estate Investment Trusts (REITs),Specialized REITs,US
Exxon Mobil Corp,XOM,"New York Stock Exchange, Inc.",Energy,Energy,"Oil, Gas and Consumable Fuels",Integrated Oil and Gas,US
Facebook Inc,META,Nasdaq,Communication Services,Media and Entertainment,Interactive Media & Services,Interactive Media & Services,US
Fair Isaac Corp,FICO,"New York Stock Exchange, Inc.",Information Technology,Software and Services,Software,Application Software,US
Fairfax Financial Holdings Ltd,FFH.TO,Toronto Stock Exchange,Financials,Insurance,Insurance,Multi-line Insurance,Canada
Ferguson PLC,FERG.L,London Stock Exchange,Industrials,Capital Goods,Trading Companies and Distributors,Trading Companies and Distributors,UK
FirstEnergy Corp,FE,"New York Stock Exchange, Inc.",Utilities,Utilities,Electric Utilities,Electric Utilities,US
FMC Corp,FMC,"New York Stock Exchange, Inc.",Materials,Materials,Chemicals,Fertilizers and Agricultural Chemicals,US
Foot Locker Inc,FL,"New York Stock Exchange, Inc.",Consumer Discretionary,Retailing,Specialty Retail,Apparel Retail,US
Ford Motor Co,F,"New York Stock Exchange, Inc.",Consumer Discretionary,Automobiles and Components,Automobiles,Automobile Manufacturers,US
Fortinet Inc,FTNT,Nasdaq,Information Technology,Software and Services,Software,Systems Software,US
Fortis Inc,FTS,"New York Stock Exchange, Inc.",Utilities,Utilities,Electric Utilities,Electric Utilities,US
Foxconn Industrial Internet Co Ltd,601138.SS,Shanghai Stock Exchange,Information Technology,Technology Hardware and Equipment,"Electronic Equipment, Instruments and Components",Electronic Manufacturing Services,China
Franklin Resources Inc,BEN,"New York Stock Exchange, Inc.",Financials,Diversified Financials,Capital Markets,Asset Management & Custody Banks,US
Freeport-McMoRan Inc,FCX,"New York Stock Exchange, Inc.",Materials,Materials,Metals and Mining,Copper,US
FTI Consulting Inc,FCN,"New York Stock Exchange, Inc.",Industrials,Commercial Services and Supplies,Professional Services,Research and Consulting Services,US
Fuwei Films (Holdings) Co Ltd,FFHL,Nasdaq,Materials,Materials,Chemicals,Commodity Chemicals,US
GAIL (India) Ltd,GAIL.BO,BSE LTD,Utilities,Utilities,Gas Utilities,Gas Utilities,India
Gap Inc,GPS,"New York Stock Exchange, Inc.",Consumer Discretionary,Retailing,Specialty Retail,Apparel Retail,US
Garmin Ltd,GRMN,"New York Stock Exchange, Inc.",Consumer Discretionary,Consumer Durables and Apparel,Household Durables,Consumer Electronics,US
General Dynamics Corp,GD,"New York Stock Exchange, Inc.",Industrials,Capital Goods,Aerospace & Defense,Aerospace & Defense,US
General Electric Co,GE,"New York Stock Exchange, Inc.",Industrials,Capital Goods,Industrial Conglomerates,Industrial Conglomerates,US
General Mills Inc,GIS,"New York Stock Exchange, Inc.",Consumer Staples,"Food, Beverage and Tobacco",Food Products,Packaged Foods and Meats,US
General Motors Co,GM,"New York Stock Exchange, Inc.",Consumer Discretionary,Automobiles and Components,Automobiles,Automobile Manufacturers,US
Genmab A/S,GMAB,Nasdaq,Health Care,"Pharmaceuticals, Biotechnology and Life Sciences",Biotechnology,Biotechnology,US
Gibraltar Industries Inc,ROCK,Nasdaq,Industrials,Capital Goods,Building Products,Building Products,US
Gilead Sciences Inc,GILD,Nasdaq,Health Care,Pharmaceuticals and Biotechnology,Biotechnology,Biotechnology,US
Glacier Bancorp Inc,GBCI,Nasdaq,Financials,Banks,Banks,Regional Banks,US
GlaxoSmithKline PLC,GSK,"New York Stock Exchange, Inc.",Health Care,Pharmaceuticals and Biotechnology,Pharmaceuticals,Pharmaceuticals,US
Glencore PLC,GLEN.L,London Stock Exchange,Materials,Materials,Metals and Mining,Diversified Metals and Mining,UK
Globus Medical Inc,GMED,"New York Stock Exchange, Inc.",Health Care,Health Care Equipment and Services,Health Care Equipment and Supplies,Health Care Equipment,US
Godrej Agrovet Ltd,GODREJAGRO.BO,BSE LTD,Consumer Staples,"Food, Beverage and Tobacco",Food Products,Agricultural Products,India
Godrej Consumer Products Ltd,GODREJCP.BO,BSE LTD,Consumer Staples,Household and Personal Products,Personal Products,Personal Products,India
Gogo Inc,GOGO,Nasdaq,Communication Services,Telecommunication Services,Wireless Telecommunication Services,Wireless Telecommunication Services,US
Goldman Sachs Group Inc,GS,"New York Stock Exchange, Inc.",Financials,Diversified Financials,Capital Markets,Investment Banking & Brokerage,US
Granules India Ltd,GRANULES.BO,BSE LTD,Health Care,Pharmaceuticals and Biotechnology,Pharmaceuticals,Pharmaceuticals,India
Great Elm Group Inc,GEG,Nasdaq,Health Care,Health Care Equipment and Services,Health Care Providers and Services,Health Care Distributors,US
Great-West Lifeco Inc,GWO.TO,Toronto Stock Exchange,Financials,Insurance,Insurance,Life and Health Insurance,Canada
Groupon Inc,GRPN,Nasdaq,Consumer Discretionary,Retailing,Internet & Direct Marketing Retail,Internet & Direct Marketing Retail,US
Grupo Aeroportuario del Pacifico SAB de CV Class B,GAPB.MX,BMV,Industrials,Transportation,Transportation Infrastructure,Airport Services,Mexico
Gujarat Industries Power Co Ltd,GIPCL.BO,BSE LTD,Utilities,Utilities,Independent Power and Renewable Electricity Producers,Independent Power Producers and Energy Traders,India
H&R Block Inc,HRB,"New York Stock Exchange, Inc.",Consumer Discretionary,Consumer Services,Diversified Consumer Services,Specialized Consumer Services,US
Hangzhou Hik-Vision Digital Technology Co Ltd,002415.SZ,Shenzhen Stock Exchange,Information Technology,Technology Hardware and Equipment,"Electronic Equipment, Instruments and Components",Electronic Equipment and Instruments,China
Harley-Davidson Inc,HOG,"New York Stock Exchange, Inc.",Consumer Discretionary,Automobiles and Components,Automobiles,Motorcycle Manufacturers,US
Harvard Bioscience Inc,HBIO,Nasdaq,Health Care,Pharmaceuticals and Biotechnology,Life Sciences Tools and Services,Life Sciences Tools and Services,US
Hasbro Inc,HAS,Nasdaq,Consumer Discretionary,Consumer Durables and Apparel,Leisure Products,Leisure Products,US
HCL Technologies Ltd,HCLTECH.BO,BSE LTD,Information Technology,Software and Services,IT Services,IT Consulting and Other Services,India
HDFC Bank Ltd,HDFCBANK.BO,BSE LTD,Financials,Banks,Banks,Diversified Banks,India
Heartland Express Inc,HTLD,Nasdaq,Industrials,Transportation,Road and Rail,Trucking,US
Hero MotoCorp Ltd,HEROMOTOCO.BO,BSE LTD,Consumer Discretionary,Automobiles and Components,Automobiles,Motorcycle Manufacturers,India
Hess Corp,HES,"New York Stock Exchange, Inc.",Energy,Energy,"Oil, Gas and Consumable Fuels",Oil and Gas Exploration and Production,US
Hibbett Inc,HIBB,Nasdaq,Consumer Discretionary,Retailing,Specialty Retail,Specialty Stores,US
Hindalco Industries Ltd,HINDALCO.BO,BSE LTD,Materials,Materials,Metals and Mining,Aluminum,India
Hindustan Unilever Ltd,HINDUNILVR.BO,BSE LTD,Consumer Staples,Household and Personal Products,Household Products,Household Products,India
Home Depot Inc,HD,"New York Stock Exchange, Inc.",Consumer Discretionary,Retailing,Specialty Retail,Home Improvement Retail,US
Honda Motor Co Ltd,HMC,"New York Stock Exchange, Inc.",Consumer Discretionary,Automobiles and Components,Automobiles,Automobile Manufacturers,US
Hostelworld Group PLC,HSW.L,London Stock Exchange,Consumer Discretionary,Retailing,Internet & Direct Marketing Retail,Internet & Direct Marketing Retail,UK
Housing Development Finance Corp Ltd,HDFC.BO,BSE LTD,Financials,Banks,Thrifts and Mortgage Finance,Thrifts and Mortgage Finance,India
HSBC Holdings PLC,HSBA.L,London Stock Exchange,Financials,Banks,Banks,Diversified Banks,UK
Huaneng Power International Inc,HNP,"New York Stock Exchange, Inc.",Utilities,Utilities,Independent Power and Renewable Electricity Producers,Independent Power Producers and Energy Traders,US
Hyatt Hotels Corp,H,"New York Stock Exchange, Inc.",Consumer Discretionary,Consumer Services,"Hotels, Restaurants and Leisure","Hotels, Resorts and Cruise Lines",US
Hypera SA,HYPE3.SA,B3 S.A.,Health Care,Pharmaceuticals and Biotechnology,Pharmaceuticals,Pharmaceuticals,Brazil
ICICI Bank Ltd,ICICIBANK.BO,BSE LTD,Financials,Banks,Banks,Diversified Banks,India
Illumina Inc,ILMN,Nasdaq,Health Care,Pharmaceuticals and Biotechnology,Life Sciences Tools and Services,Life Sciences Tools and Services,US
Imax Corp,IMAX,"New York Stock Exchange, Inc.",Communication Services,Media and Entertainment,Entertainment,Movies & Entertainment,US
Infosys Ltd,INFY.BO,BSE LTD,Information Technology,Software and Services,IT Services,IT Consulting and Other Services,India
Innospec Inc,IOSP,Nasdaq,Materials,Materials,Chemicals,Specialty Chemicals,US
INTEL Corp,INTC,Nasdaq,Information Technology,Semiconductors and Semiconductor Equipment,Semiconductors & Semiconductor Equipment,Semiconductors,US
Intercontinental Exchange Inc,ICE,"New York Stock Exchange, Inc.",Financials,Diversified Financials,Capital Markets,Financial Exchanges & Data,US
InterContinental Hotels Group PLC,IHG.L,London Stock Exchange,Consumer Discretionary,Consumer Services,"Hotels, Restaurants and Leisure","Hotels, Resorts and Cruise Lines",UK
IQVIA Holdings Inc,IQV,"New York Stock Exchange, Inc.",Health Care,"Pharmaceuticals, Biotechnology and Life Sciences",Life Sciences Tools & Services,Life Sciences Tools & Services,US
IRB Brasil Resseguros SA,IRBR3.SA,B3 S.A.,Financials,Insurance,Insurance,Reinsurance,Brazil
Iron Mountain Inc,IRM,"New York Stock Exchange, Inc.",Real Estate,Real Estate,Equity Real Estate Investment Trusts (REITs),Specialized REITs,US
ITC Ltd,ITC.BO,BSE LTD,Consumer Staples,"Food, Beverage and Tobacco",Tobacco,Tobacco,India
J&J Snack Foods Corp,JJSF,Nasdaq,Consumer Staples,"Food, Beverage and Tobacco",Food Products,Packaged Foods and Meats,US
JBS SA,JBSS3.SA,B3 S.A.,Consumer Staples,"Food, Beverage and Tobacco",Food Products,Packaged Foods and Meats,Brazil
JetBlue Airways Corp,JBLU,Nasdaq,Industrials,Transportation,Airlines,Airlines,US
Jiangsu Hengrui Pharmaceuticals Co Ltd,600276.SS,Shanghai Stock Exchange,Health Care,Pharmaceuticals and Biotechnology,Pharmaceuticals,Pharmaceuticals,China
Johnson & Johnson,JNJ,"New York Stock Exchange, Inc.",Health Care,Pharmaceuticals and Biotechnology,Pharmaceuticals,Pharmaceuticals,US
Johnson Matthey PLC,JMAT.L,London Stock Exchange,Materials,Materials,Chemicals,Specialty Chemicals,UK
JPMorgan Chase & Co,JPM,"New York Stock Exchange, Inc.",Financials,Banks,Banks,Diversified Banks,US
Jubilant Foodworks Ltd,JUBLFOOD.BO,BSE LTD,Consumer Discretionary,Consumer Services,"Hotels, Restaurants and Leisure",Restaurants,India
Just Dial Ltd,JUSTDIAL.BO,BSE LTD,Communication Services,Media and Entertainment,Interactive Media & Services,Interactive Media & Services,India
Kaiser Aluminum Corp,KALU,Nasdaq,Materials,Materials,Metals and Mining,Aluminum,US
Kellogg Co,K,"New York Stock Exchange, Inc.",Consumer Staples,"Food, Beverage and Tobacco",Food Products,Packaged Foods and Meats,US
Keurig Dr Pepper Inc,KDP,Nasdaq,Consumer Staples,"Food, Beverage and Tobacco",Beverages,Soft Drinks,US
KeyCorp,KEY,"New York Stock Exchange, Inc.",Financials,Banks,Banks,Regional Banks,US
Kinder Morgan Inc,KMI,"New York Stock Exchange, Inc.",Energy,Energy,"Oil, Gas & Consumable Fuels",Oil & Gas Storage & Transportation,US
Kirkland Lake Gold Ltd,KL.TO,Toronto Stock Exchange,Materials,Materials,Metals and Mining,Gold,Canada
KKR & Co Inc,KKR,"New York Stock Exchange, Inc.",Financials,Diversified Financials,Capital Markets,Asset Management and Custody Banks,US
Klabin SA,KLBN11.SA,B3 S.A.,Materials,Materials,Containers and Packaging,Paper Packaging,Brazil
Kotak Mahindra Bank Ltd,KOTAKBANK.BO,BSE LTD,Financials,Banks,Banks,Diversified Banks,India
Kweichow Moutai Co Ltd,600519.SS,Shanghai Stock Exchange,Consumer Staples,"Food, Beverage and Tobacco",Beverages,Distillers and Vintners,China
Lamprell PLC,LAM.L,London Stock Exchange,Energy,Energy,Energy Equipment and Services,Oil and Gas Equipment and Services,UK
Lands' End Inc,LE,Nasdaq,Consumer Discretionary,Retailing,Internet & Direct Marketing Retail,Internet & Direct Marketing Retail,US
Larsen & Toubro Ltd,LT.BO,BSE LTD,Industrials,Capital Goods,Construction and Engineering,Construction and Engineering,India
Las Vegas Sands Corp,LVS,"New York Stock Exchange, Inc.",Consumer Discretionary,Consumer Services,"Hotels, Restaurants and Leisure",Casinos and Gaming,US
Lazard Ltd,LAZ,"New York Stock Exchange, Inc.",Financials,Diversified Financials,Capital Markets,Investment Banking and Brokerage,US
LCI Industries Inc,LCII,"New York Stock Exchange, Inc.",Consumer Discretionary,Automobiles and Components,Auto Components,Auto Parts and Equipment,US
Lloyds Banking Group PLC,LLOY.L,London Stock Exchange,Financials,Banks,Banks,Diversified Banks,UK
Localiza Rent A Car SA,RENT3.SA,B3 S.A.,Industrials,Transportation,Road and Rail,Trucking,Brazil
Lockheed Martin Corp,LMT,"New York Stock Exchange, Inc.",Industrials,Capital Goods,Aerospace and Defense,Aerospace and Defense,US
Loews Corp,L,"New York Stock Exchange, Inc.",Financials,Insurance,Insurance,Property and Casualty Insurance,US
Lojas Renner SA,LREN3.SA,B3 S.A.,Consumer Discretionary,Retailing,Multiline Retail,Department Stores,Brazil
Lookers PLC,LOOK.L,London Stock Exchange,Consumer Discretionary,Retailing,Specialty Retail,Automotive Retail,UK
Lowe's Companies Inc,LOW,"New York Stock Exchange, Inc.",Consumer Discretionary,Retailing,Specialty Retail,Home Improvement Retail,US
Lululemon Athletica Inc,LULU,Nasdaq,Consumer Discretionary,Consumer Durables and Apparel,"Textiles, Apparel and Luxury Goods","Apparel, Accessories and Luxury Goods",US
Lyft Inc,LYFT,Nasdaq,Industrials,Transportation,Road and Rail,Trucking,US
M Dias Branco SA Industria e Comercio de Alimentos,MDIA3.SA,B3 S.A.,Consumer Staples,"Food, Beverage and Tobacco",Food Products,Packaged Foods and Meats,Brazil
M&T Bank Corp,MTB,"New York Stock Exchange, Inc.",Financials,Banks,Banks,Regional Banks,US
Macy's Inc,M,"New York Stock Exchange, Inc.",Consumer Discretionary,Retailing,Multiline Retail,Department Stores,US
Magazine Luiza SA,MGLU3.SA,B3 S.A.,Consumer Discretionary,Retailing,Multiline Retail,General Merchandise Stores,Brazil
Mahindra & Mahindra Ltd,M&M.BO,BSE LTD,Consumer Discretionary,Automobiles and Components,Automobiles,Automobile Manufacturers,India
Manhattan Associates Inc,MANH,Nasdaq,Information Technology,Software and Services,Software,Application Software,US
Marriott International Inc,MAR,Nasdaq,Consumer Discretionary,Consumer Services,"Hotels, Restaurants and Leisure","Hotels, Resorts and Cruise Lines",US
Maruti Suzuki India Ltd,MARUTI.BO,BSE LTD,Consumer Discretionary,Automobiles and Components,Automobiles,Automobile Manufacturers,India
Mastercard Inc,MA,"New York Stock Exchange, Inc.",Information Technology,Software and Services,IT Services,Data Processing and Outsourced Services,US
Match Group Inc,MTCH,Nasdaq,Communication Services,Media and Entertainment,Interactive Media & Services,Interactive Media & Services,US
Mattel Inc,MAT,Nasdaq,Consumer Discretionary,Consumer Durables and Apparel,Leisure Products,Leisure Products,US
Max Financial Services Ltd,MFSL.BO,BSE LTD,Financials,Insurance,Insurance,Life and Health Insurance,India
McCormick & Co Inc,MKC,"New York Stock Exchange, Inc.",Consumer Staples,"Food, Beverage and Tobacco",Food Products,Packaged Foods and Meats,US
McDonald's Corp,MCD,"New York Stock Exchange, Inc.",Consumer Discretionary,Consumer Services,"Hotels, Restaurants and Leisure",Restaurants,US
McKesson Corp,MCK,"New York Stock Exchange, Inc.",Health Care,Health Care Equipment and Services,Health Care Providers and Services,Health Care Distributors,US
Mediclinic International PLC,MDC.L,London Stock Exchange,Health Care,Health Care Equipment and Services,Health Care Providers and Services,Health Care Facilities,UK
Meituan,3690.HK,Hong Kong Exchanges And Clearing Ltd,Consumer Discretionary,Retailing,Internet & Direct Marketing Retail,Internet & Direct Marketing Retail,HK
Merck & Co Inc,MRK,"New York Stock Exchange, Inc.",Health Care,Pharmaceuticals and Biotechnology,Pharmaceuticals,Pharmaceuticals,US
Meta Materials Inc,MMAT,Nasdaq,Information Technology,Semiconductors and Semiconductor Equipment,Semiconductors & Semiconductor Equipment,Semiconductors,US
MetLife Inc,MET,"New York Stock Exchange, Inc.",Financials,Insurance,Insurance,Life and Health Insurance,US
Micro Focus International PLC,MCRO.L,London Stock Exchange,Information Technology,Software and Services,Software,Application Software,UK
Microsoft Corp,MSFT,Nasdaq,Information Technology,Software and Services,Software,Systems Software,US
Middlesex Water Co,MSEX,Nasdaq,Utilities,Utilities,Water Utilities,Water Utilities,US
Midea Group Co Ltd,000333.SZ,Shenzhen Stock Exchange,Consumer Discretionary,Consumer Durables and Apparel,Household Durables,Household Appliances,China
MindTree Ltd,MINDTREE.BO,BSE LTD,Information Technology,Software and Services,IT Services,IT Consulting and Other Services,India
Molson Coors Beverage Co,TAP,"New York Stock Exchange, Inc.",Consumer Staples,"Food, Beverage and Tobacco",Beverages,Brewers,US
Mondi PLC,MNDI.L,London Stock Exchange,Materials,Materials,Paper and Forest Products,Paper Products,UK
Monster Beverage Corp,MNST,Nasdaq,Consumer Staples,"Food, Beverage and Tobacco",Beverages,Soft Drinks,US
Moody's Corporation,MCO,"New York Stock Exchange, Inc.",Financials,Diversified Financials,Capital Markets,Financial Exchanges & Data,US
Morgan Stanley,MS,"New York Stock Exchange, Inc.",Financials,Diversified Financials,Capital Markets,Investment Banking & Brokerage,US
Movado Group Inc,MOV,"New York Stock Exchange, Inc.",Consumer Discretionary,Consumer Durables and Apparel,"Textiles, Apparel and Luxury Goods","Apparel, Accessories and Luxury Goods",US
Multiplan Empreendimentos Imobiliarios SA,MULT3.SA,B3 S.A.,Real Estate,Real Estate,Real Estate Management & Development,Real Estate Operating Companies,Brazil
Myriad Genetics Inc,MYGN,Nasdaq,Health Care,Pharmaceuticals and Biotechnology,Biotechnology,Biotechnology,US
National Beverage Corp,FIZZ,Nasdaq,Consumer Staples,"Food, Beverage and Tobacco",Beverages,Soft Drinks,US
National Fuel Gas Co,NFG,"New York Stock Exchange, Inc.",Utilities,Utilities,Gas Utilities,Gas Utilities,US
Natura & Co Holding SA,NTCO3.SA,B3 S.A.,Consumer Staples,Household and Personal Products,Personal Products,Personal Products,Brazil
Natural Gas Services Group Inc,NGS,"New York Stock Exchange, Inc.",Energy,Energy,Energy Equipment and Services,Oil and Gas Equipment and Services,US
NatWest Group PLC,NWG.L,London Stock Exchange,Financials,Banks,Banks,Diversified Banks,UK
Nestle India Ltd,NESTLEIND.BO,BSE LTD,Consumer Staples,"Food, Beverage and Tobacco",Food Products,Packaged Foods and Meats,India
NetEase Inc,NTES,Nasdaq,Communication Services,Media and Entertainment,Entertainment,Interactive Home Entertainment,US
NETFLIX Inc,NFLX,Nasdaq,Communication Services,Media and Entertainment,Entertainment,Movies & Entertainment,US
New Oriental Education & Technology Group Inc,EDU,"New York Stock Exchange, Inc.",Consumer Discretionary,Consumer Services,Diversified Consumer Services,Education Services,US
Next PLC,NXT.L,London Stock Exchange,Consumer Discretionary,Retailing,Multiline Retail,Department Stores,UK
NIIT Ltd,NIITLTD.BO,BSE LTD,Information Technology,Software and Services,IT Services,IT Consulting and Other Services,India
Nike Inc,NKE,"New York Stock Exchange, Inc.",Consumer Discretionary,Consumer Durables and Apparel,"Textiles, Apparel and Luxury Goods",Footwear,US
Northern Technologies International Corp,NTIC,Nasdaq,Materials,Materials,Chemicals,Specialty Chemicals,US
Northrop Grumman Corp,NOC,"New York Stock Exchange, Inc.",Industrials,Capital Goods,Aerospace & Defense,Aerospace & Defense,US
Norwegian Cruise Line Holdings Ltd,NCLH,"New York Stock Exchange, Inc.",Consumer Discretionary,Consumer Services,"Hotels, Restaurants and Leisure","Hotels, Resorts and Cruise Lines",US
Notre Dame Intermedica Participacoes SA,GNDI3.SA,B3 S.A.,Health Care,Health Care Equipment and Services,Health Care Providers and Services,Managed Health Care,Brazil
NOV Inc,NOV,"New York Stock Exchange, Inc.",Energy,Energy,Energy Equipment & Services,Oil & Gas Equipment & Services,US
Novartis AG,NVS,"New York Stock Exchange, Inc.",Health Care,Pharmaceuticals and Biotechnology,Pharmaceuticals,Pharmaceuticals,US
NTPC Ltd,NTPC.BO,BSE LTD,Utilities,Utilities,Independent Power and Renewable Electricity Producers,Independent Power Producers and Energy Traders,India
Nutrien Ltd,NTR,"New York Stock Exchange, Inc.",Materials,Materials,Chemicals,Fertilizers & Agricultural Chemicals,US
NVIDIA Corp,NVDA,Nasdaq,Information Technology,Semiconductors and Semiconductor Equipment,Semiconductors & Semiconductor Equipment,Semiconductors,US
NXP Semiconductors NV,NXPI,Nasdaq,Information Technology,Semiconductors and Semiconductor Equipment,Semiconductors and Semiconductor Equipment,Semiconductors,US
Oil & Natural Gas Corp Ltd,ONGC.BO,BSE LTD,Energy,Energy,"Oil, Gas and Consumable Fuels",Integrated Oil and Gas,India
Old National Bancorp,ONB,Nasdaq,Financials,Banks,Banks,Regional Banks,US
On The Beach Group PLC,OTB.L,London Stock Exchange,Consumer Discretionary,Consumer Services,"Hotels, Restaurants and Leisure","Hotels, Resorts and Cruise Lines",UK
ONEOK Inc,OKE,"New York Stock Exchange, Inc.",Energy,Energy,"Oil, Gas and Consumable Fuels",Oil and Gas Storage and Transportation,US
Oppenheimer Holdings Inc,OPY,"New York Stock Exchange, Inc.",Financials,Diversified Financials,Capital Markets,Investment Banking and Brokerage,US
Oracle Corp,ORCL,"New York Stock Exchange, Inc.",Information Technology,Software and Services,Software,Systems Software,US
O'Reilly Automotive Inc,ORLY,Nasdaq,Consumer Discretionary,Retailing,Specialty Retail,Automotive Retail,US
PACCAR Inc,PCAR,Nasdaq,Industrials,Capital Goods,Machinery,Construction Machinery and Heavy Trucks,US
Papa John's International Inc,PZZA,Nasdaq,Consumer Discretionary,Consumer Services,"Hotels, Restaurants and Leisure",Restaurants,US
PayPal Holdings Inc,PYPL,Nasdaq,Information Technology,Software and Services,IT Services,Data Processing and Outsourced Services,US
Pearson PLC,PSON.L,London Stock Exchange,Communication Services,Media and Entertainment,Media,Publishing,UK
Peloton Interactive Inc,PTON,Nasdaq,Consumer Discretionary,Consumer Durables and Apparel,Leisure Equipment & Products,Leisure Products,US
PepsiCo Inc,PEP,Nasdaq,Consumer Staples,"Food, Beverage and Tobacco",Beverages,Soft Drinks,US
PetroChina Co Ltd,PTR,"New York Stock Exchange, Inc.",Energy,Energy,"Oil, Gas and Consumable Fuels",Integrated Oil and Gas,US
Petroleo Brasileiro SA Petrobras,PETR3.SA,B3 S.A.,Energy,Energy,"Oil, Gas and Consumable Fuels",Integrated Oil and Gas,Brazil
Pfizer Inc,PFE,"New York Stock Exchange, Inc.",Health Care,Pharmaceuticals and Biotechnology,Pharmaceuticals,Pharmaceuticals,US
PG&E Corp,PCG,"New York Stock Exchange, Inc.",Utilities,Utilities,Electric Utilities,Electric Utilities,US
Phillips 66,PSX,"New York Stock Exchange, Inc.",Energy,Energy,"Oil, Gas and Consumable Fuels",Oil and Gas Refining and Marketing,US
Physicians Realty Trust,DOC,"New York Stock Exchange, Inc.",Real Estate,Real Estate,Equity Real Estate Investment Trusts (REITs),Health Care REITs,US
Ping An Insurance (Group) Co. of China Ltd,2318.HK,Hong Kong Exchanges And Clearing Ltd,Financials,Insurance,Insurance,Life and Health Insurance,HK
Piramal Enterprises Ltd,PEL.BO,BSE LTD,Financials,Diversified Financials,Diversified Financial Services,Specialized Finance,India
Planet Fitness Inc,PLNT,"New York Stock Exchange, Inc.",Consumer Discretionary,Consumer Services,"Hotels, Restaurants and Leisure",Leisure Facilities,US
PNC Financial Services Group Inc,PNC,"New York Stock Exchange, Inc.",Financials,Banks,Banks,Regional Banks,US
Porto Seguro SA,PSSA3.SA,B3 S.A.,Financials,Insurance,Insurance,Multi-line Insurance,Brazil
POSCO,PKX,"New York Stock Exchange, Inc.",Materials,Materials,Metals and Mining,Steel,US
Power Grid Corp Of India Ltd,POWERGRID.BO,BSE LTD,Utilities,Utilities,Electric Utilities,Electric Utilities,India
Prestige Consumer Healthcare Inc,PBH,"New York Stock Exchange, Inc.",Health Care,Pharmaceuticals and Biotechnology,Pharmaceuticals,Pharmaceuticals,US
Price (T. ROWE) Group,TROW,Nasdaq,Financials,Diversified Financials,Capital Markets,Asset Management & Custody Banks,US
Procter & Gamble Co,PG,"New York Stock Exchange, Inc.",Consumer Staples,Household and Personal Products,Household Products,Household Products,US
Prudential Financial Inc,PRU,"New York Stock Exchange, Inc.",Financials,Insurance,Insurance,Life and Health Insurance,US
Public Storage,PSA,"New York Stock Exchange, Inc.",Real Estate,Real Estate,Equity Real Estate Investment Trusts (REITs),Specialized REITs,US
Quaker Chemical Corp,KWR,"New York Stock Exchange, Inc.",Materials,Materials,Chemicals,Specialty Chemicals,US
QUALCOMM Inc,QCOM,Nasdaq,Information Technology,Semiconductors and Semiconductor Equipment,Semiconductors & Semiconductor Equipment,Semiconductors,US
Raia Drogasil SA,RADL3.SA,B3 S.A.,Consumer Staples,Food and Staples Retailing,Food and Staples Retailing,Drug Retail,Brazil
Raytheon Technologies Corp,RTX,"New York Stock Exchange, Inc.",Industrials,Capital Goods,Aerospace & Defense,Aerospace & Defense,US
RBC Bearings Inc,ROLL,Nasdaq,Industrials,Capital Goods,Machinery,Industrial Machinery,US
REC Ltd,RECLTD.BO,BSE LTD,Financials,Diversified Financials,Diversified Financial Services,Specialized Finance,India
Reckitt Benckiser Group PLC,RKT.L,London Stock Exchange,Consumer Staples,Household and Personal Products,Household Products,Household Products,UK
Regeneron Pharmaceuticals Inc,REGN,Nasdaq,Health Care,Pharmaceuticals and Biotechnology,Biotechnology,Biotechnology,US
Regions Financial Corp,RF,"New York Stock Exchange, Inc.",Financials,Banks,Banks,Regional Banks,US
Reliance Industries Ltd,RELIANCE.BO,BSE LTD,Energy,Energy,"Oil, Gas and Consumable Fuels",Oil and Gas Refining and Marketing,India
Restaurant Brands International Inc,QSR.TO,Toronto Stock Exchange,Consumer Discretionary,Consumer Services,"Hotels, Restaurants and Leisure",Restaurants,Canada
Revlon Inc,REV,"New York Stock Exchange, Inc.",Consumer Staples,Household and Personal Products,Personal Products,Personal Products,US
Rightmove Plc,RMV.L,London Stock Exchange,Communication Services,Media and Entertainment,Interactive Media & Services,Interactive Media & Services,UK
Rio Tinto PLC,RIO.L,London Stock Exchange,Materials,Materials,Metals and Mining,Diversified Metals and Mining,UK
Ritchie Bros Auctioneers Inc,RBA,"New York Stock Exchange, Inc.",Industrials,Commercial Services and Supplies,Commercial Services and Supplies,Diversified Support Services,US
Rite Aid Corp,RAD,"New York Stock Exchange, Inc.",Consumer Staples,Food and Staples Retailing,Food and Staples Retailing,Drug Retail,US
Rogers Communications-CL B,RCI,"New York Stock Exchange, Inc.",Communication Services,Telecommunication Services,Wireless Telecommunication Services,Wireless Telecommunication Services,US
Rolls-Royce Holdings PLC,RR.L,London Stock Exchange,Industrials,Capital Goods,Aerospace and Defense,Aerospace and Defense,UK
Royal Bank of Canada,RY.TO,Toronto Stock Exchange,Financials,Banks,Commercial Banks,Diversified Banks,Canada
Royal Dutch Shell PLC,RDSA.L,London Stock Exchange,Energy,Energy,"Oil, Gas and Consumable Fuels",Integrated Oil and Gas,UK
Royal Gold Inc,RGLD,Nasdaq,Materials,Materials,Metals and Mining,Gold,US
Rumo SA,RAIL3.SA,B3 S.A.,Industrials,Transportation,Road and Rail,Railroads,Brazil
Sage Group (The) PLC,SGE.L,London Stock Exchange,Information Technology,Software and Services,Software,Application Software,UK
Sainsbury (J) PLC,SBRY.L,London Stock Exchange,Consumer Staples,Food and Staples Retailing,Food and Staples Retailing,Food Retail,UK
Salesforce Inc,CRM,"New York Stock Exchange, Inc.",Information Technology,Software and Services,Software,Application Software,US
SAP SE,SAP,"New York Stock Exchange, Inc.",Information Technology,Software and Services,Software,Application Software,US
Schroders PLC,SDR.L,London Stock Exchange,Financials,Diversified Financials,Capital Markets,Asset Management and Custody Banks,UK
SEI Investments Co,SEIC,Nasdaq,Financials,Diversified Financials,Capital Markets,Asset Management and Custody Banks,US
Sempra Energy,SRE,"New York Stock Exchange, Inc.",Utilities,Utilities,Multi-Utilities,Multi-Utilities,US
Severn Trent PLC,SVT.L,London Stock Exchange,Utilities,Utilities,Water Utilities,Water Utilities,UK
Shanghai International Airport Co Ltd,600009.SS,Shanghai Stock Exchange,Industrials,Transportation,Transportation Infrastructure,Airport Services,China
Shenzhen Mindray Bio-Medical Electronics Co Ltd,300760.SZ,Shenzhen Stock Exchange,Health Care,Health Care Equipment and Services,Health Care Equipment and Supplies,Health Care Equipment,China
Shopify Inc,SHOP.TO,Toronto Stock Exchange,Information Technology,Software and Services,IT Services,Internet Services & Infrastructure,Canada
Sirius XM Holdings Inc,SIRI,Nasdaq,Communication Services,Media and Entertainment,Media,Cable & Satellite,US
SJVN Ltd,SJVN.BO,BSE LTD,Utilities,Utilities,Electric Utilities,Electric Utilities,India
SJW Group,SJW,"New York Stock Exchange, Inc.",Utilities,Utilities,Water Utilities,Water Utilities,US
SkyWest Inc,SKYW,Nasdaq,Industrials,Transportation,Airlines,Airlines,US
Smith & Nephew PLC,SN.L,London Stock Exchange,Health Care,Health Care Equipment and Services,Health Care Equipment and Supplies,Health Care Equipment,UK
Smith & Wesson Brands Inc,SWBI,Nasdaq,Consumer Discretionary,Consumer Durables and Apparel,Leisure Products,Leisure Products,US
Smiths Group PLC,SMIN.L,London Stock Exchange,Industrials,Capital Goods,Industrial Conglomerates,Industrial Conglomerates,UK
Snap-on Inc,SNA,"New York Stock Exchange, Inc.",Industrials,Capital Goods,Machinery,Industrial Machinery,US
Snowflake Inc,SNOW,"New York Stock Exchange, Inc.",Information Technology,Software and Services,IT Services,Internet Services & Infrastructure,US
Sohu.com Ltd,SOHU,Nasdaq,Communication Services,Media and Entertainment,Interactive Media & Services,Interactive Media & Services,US
SONY Group Corporation,SONY,"New York Stock Exchange, Inc.",Consumer Discretionary,Consumer Durables and Apparel,Household Durables,Consumer Electronics,US
Southern Co,SO,"New York Stock Exchange, Inc.",Utilities,Utilities,Electric Utilities,Electric Utilities,US
Southwest Airlines Co,LUV,"New York Stock Exchange, Inc.",Industrials,Transportation,Airlines,Airlines,US
Spirit Airlines Inc,SAVE,"New York Stock Exchange, Inc.",Industrials,Transportation,Airlines,Airlines,US
Spotify Technology SA,SPOT,"New York Stock Exchange, Inc.",Communication Services,Media and Entertainment,Entertainment,Movies & Entertainment,US
Sprouts Farmers Market Inc,SFM,Nasdaq,Consumer Staples,Food and Staples Retailing,Food and Staples Retailing,Food Retail,US
SSE PLC,SSE.L,London Stock Exchange,Utilities,Utilities,Electric Utilities,Electric Utilities,UK
Standard Chartered PLC,STAN.L,London Stock Exchange,Financials,Banks,Banks,Diversified Banks,UK
Starbucks Corp,SBUX,Nasdaq,Consumer Discretionary,Consumer Services,"Hotels, Restaurants and Leisure",Restaurants,US
State Bank of India,SBIN.BO,BSE LTD,Financials,Banks,Banks,Diversified Banks,India
Stitch Fix Inc,SFIX,Nasdaq,Consumer Discretionary,Retailing,Internet & Direct Marketing Retail,Internet & Direct Marketing Retail,US
Sul America SA,SULA11.SA,B3 S.A.,Financials,Insurance,Insurance,Multi-line Insurance,Brazil
Sun Pharmaceuticals Industries Ltd,SUNPHARMA.BO,BSE LTD,Health Care,Pharmaceuticals and Biotechnology,Pharmaceuticals,Pharmaceuticals,India
Suncor Energy Inc,SU.TO,Toronto Stock Exchange,Energy,Energy,"Oil, Gas and Consumable Fuels",Integrated Oil and Gas,Canada
Sunoco LP,SUN,"New York Stock Exchange, Inc.",Energy,Energy,"Oil, Gas and Consumable Fuels",Oil and Gas Refining and Marketing,US
Suzano SA,SUZB3.SA,B3 S.A.,Materials,Materials,Paper and Forest Products,Paper Products,Brazil
Sysco Corp,SYY,"New York Stock Exchange, Inc.",Consumer Staples,Food and Staples Retailing,Food and Staples Retailing,Food Distributors,US
Taiwan Semiconductor Manufacturing Co ,TSM,"New York Stock Exchange, Inc.",Information Technology,Semiconductors and Semiconductor Equipment,Semiconductors & Semiconductor Equipment,Semiconductors,US
TAL Education Group,TAL,"New York Stock Exchange, Inc.",Consumer Discretionary,Consumer Services,Diversified Consumer Services,Education Services,US
Target Corp,TGT,"New York Stock Exchange, Inc.",Consumer Discretionary,Retailing,Multiline Retail,General Merchandise Stores,US
Tata Consultancy Services Ltd,TCS.BO,BSE LTD,Information Technology,Software and Services,IT Services,IT Consulting and Other Services,India
Tata Motors Ltd,TATAMOTORS.BO,BSE LTD,Consumer Discretionary,Automobiles and Components,Automobiles,Automobile Manufacturers,India
Tata Power Co Ltd,TATAPOWER.BO,BSE LTD,Utilities,Utilities,Electric Utilities,Electric Utilities,India
Tata Steel Ltd,TATASTEEL.BO,BSE LTD,Materials,Materials,Metals and Mining,Steel,India
TC Energy Corp,TRP,"New York Stock Exchange, Inc.",Energy,Energy,"Oil, Gas & Consumable Fuels",Oil & Gas Storage & Transportation,US
Tech Mahindra Ltd,TECHM.BO,BSE LTD,Information Technology,Software and Services,IT Services,IT Consulting and Other Services,India
TELUS Corp,TU,"New York Stock Exchange, Inc.",Communication Services,Telecommunication Services,Diversified Telecommunication Services,Integrated Telecommunication Services,US
Tencent Holdings Ltd,0700.HK,Hong Kong Exchanges And Clearing Ltd,Communication Services,Media and Entertainment,Interactive Media & Services,Interactive Media & Services,HK
Tesla Inc,TSLA,Nasdaq,Consumer Discretionary,Automobiles and Components,Automobiles,Automobile Manufacturers,US
Teva Pharmaceutical Industries Ltd,TEVA,"New York Stock Exchange, Inc.",Health Care,Pharmaceuticals and Biotechnology,Pharmaceuticals,Pharmaceuticals,US
Texas Instruments Inc,TXN,Nasdaq,Information Technology,Semiconductors and Semiconductor Equipment,Semiconductors & Semiconductor Equipment,Semiconductors,US
Texas Roadhouse Inc,TXRH,Nasdaq,Consumer Discretionary,Consumer Services,"Hotels, Restaurants and Leisure",Restaurants,US
The Container Store Group Inc,TCS,"New York Stock Exchange, Inc.",Consumer Discretionary,Retailing,Specialty Retail,Specialty Stores,US
The Estee Lauder Companies Inc,EL,"New York Stock Exchange, Inc.",Consumer Staples,Household and Personal Products,Personal Products,Personal Products,US
The GEO Group Inc,GEO,"New York Stock Exchange, Inc.",Real Estate,Real Estate,Equity Real Estate Investment Trusts (REITs),Specialized REITs,US
The Hershey Co,HSY,"New York Stock Exchange, Inc.",Consumer Staples,"Food, Beverage and Tobacco",Food Products,Packaged Foods and Meats,US
The Middleby Corp,MIDD,Nasdaq,Industrials,Capital Goods,Machinery,Industrial Machinery,US
The Walt Disney Co,DIS,"New York Stock Exchange, Inc.",Communication Services,Media and Entertainment,Entertainment,Movies & Entertainment,US
The Wendy's Co,WEN,Nasdaq,Consumer Discretionary,Consumer Services,"Hotels, Restaurants and Leisure",Restaurants,US
The York Water Co,YORW,Nasdaq,Utilities,Utilities,Water Utilities,Water Utilities,US
The9 Ltd,NCTY,Nasdaq,Communication Services,Media and Entertainment,Entertainment,Interactive Home Entertainment,US
Titan Co Ltd,TITAN.BO,BSE LTD,Consumer Discretionary,Consumer Durables and Apparel,"Textiles, Apparel and Luxury Goods","Apparel, Accessories and Luxury Goods",India
Titan International Inc,TWI,"New York Stock Exchange, Inc.",Industrials,Capital Goods,Machinery,Agricultural and Farm Machinery,US
TJX Companies Inc,TJX,"New York Stock Exchange, Inc.",Consumer Discretionary,Retailing,Specialty Retail,Apparel Retail,US
Tootsie Roll Industries Inc,TR,"New York Stock Exchange, Inc.",Consumer Staples,"Food, Beverage and Tobacco",Food Products,Packaged Foods and Meats,US
Toyota Motor Corp,TM,"New York Stock Exchange, Inc.",Consumer Discretionary,Automobiles and Components,Automobiles,Automobile Manufacturers,US
Treehouse Foods Inc,THS,"New York Stock Exchange, Inc.",Consumer Staples,"Food, Beverage and Tobacco",Food Products,Packaged Foods and Meats,US
TREX Co Inc,TREX,"New York Stock Exchange, Inc.",Industrials,Capital Goods,Building Products,Building Products,US
Tullow Oil PLC,TLW.L,London Stock Exchange,Energy,Energy,"Oil, Gas and Consumable Fuels",Oil and Gas Exploration and Production,UK
Twitter Inc,TWTR,"New York Stock Exchange, Inc.",Communication Services,Media and Entertainment,Interactive Media & Services,Interactive Media & Services,US
Tyson Foods Inc,TSN,"New York Stock Exchange, Inc.",Consumer Staples,"Food, Beverage and Tobacco",Food Products,Packaged Foods and Meats,US
Uber Technologies Inc,UBER,"New York Stock Exchange, Inc.",Industrials,Transportation,Road and Rail,Trucking,US
UBS Group AG,UBS,"New York Stock Exchange, Inc.",Financials,Diversified Financials,Capital Markets,Diversified Capital Markets,US
UGI Corp,UGI,"New York Stock Exchange, Inc.",Utilities,Utilities,Gas Utilities,Gas Utilities,US
Ulta Beauty Inc,ULTA,Nasdaq,Consumer Discretionary,Retailing,Specialty Retail,Specialty Stores,US
Ultrapar Participacoes SA,UGPA3.SA,B3 S.A.,Energy,Energy,"Oil, Gas and Consumable Fuels",Oil and Gas Storage and Transportation,Brazil
UltraTech Cement Ltd,ULTRACEMCO.BO,BSE LTD,Materials,Materials,Construction Materials,Construction Materials,India
Under Armour Inc,UAA,"New York Stock Exchange, Inc.",Consumer Discretionary,Consumer Durables and Apparel,"Textiles, Apparel and Luxury Goods","Apparel, Accessories and Luxury Goods",US
Unilever PLC,ULVR.L,London Stock Exchange,Consumer Staples,Household and Personal Products,Personal Products,Personal Products,UK
Unilever PLC,UL,"New York Stock Exchange, Inc.",Consumer Staples,Household and Personal Products,Personal Products,Personal Products,US
United Natural Foods Inc,UNFI,"New York Stock Exchange, Inc.",Consumer Staples,Food and Staples Retailing,Food and Staples Retailing,Food Distributors,US
United States Steel Corp,X,"New York Stock Exchange, Inc.",Materials,Materials,Metals and Mining,Steel,US
United Utilities Group PLC,UU.L,London Stock Exchange,Utilities,Utilities,Water Utilities,Water Utilities,UK
UnitedHealth Group Inc,UNH,"New York Stock Exchange, Inc.",Health Care,Health Care Equipment and Services,Health Care Providers and Services,Managed Health Care,US
Urban Outfitters Inc,URBN,Nasdaq,Consumer Discretionary,Retailing,Specialty Retail,Apparel Retail,US
UTStarcom Holdings Corp,UTSI,Nasdaq,Information Technology,Technology Hardware and Equipment,Communications Equipment,Communications Equipment,US
Vale SA,VALE3.SA,B3 S.A.,Materials,Materials,Metals and Mining,Steel,Brazil
Vedanta Ltd,VEDL.BO,BSE LTD,Materials,Materials,Metals and Mining,Diversified Metals and Mining,India
Veeva Systems Inc,VEEV,"New York Stock Exchange, Inc.",Health Care,Health Care Equipment and Services,Health Care Technology,Health Care Technology,US
VEON Ltd,VEON,Nasdaq,Communication Services,Telecommunication Services,Wireless Telecommunication Services,Wireless Telecommunication Services,US
Vera Bradley Inc,VRA,Nasdaq,Consumer Discretionary,Consumer Durables and Apparel,"Textiles, Apparel and Luxury Goods","Apparel, Accessories and Luxury Goods",US
Verisk Analytics Inc,VRSK,Nasdaq,Industrials,Commercial Services and Supplies,Professional Services,Research and Consulting Services,US
Verizon Communications Inc,VZ,"New York Stock Exchange, Inc.",Communication Services,Telecommunication Services,Diversified Telecommunication Services,Integrated Telecommunication Services,US
VF Corp,VFC,"New York Stock Exchange, Inc.",Consumer Discretionary,Consumer Durables and Apparel,"Textiles, Apparel and Luxury Goods","Apparel, Accessories and Luxury Goods",US
Visa Inc,V,"New York Stock Exchange, Inc.",Information Technology,Software and Services,IT Services,Data Processing and Outsourced Services,US
Vodafone Group PLC,VOD.L,London Stock Exchange,Communication Services,Telecommunication Services,Wireless Telecommunication Services,Wireless Telecommunication Services,UK
Vyant Bio Inc,VYNT,Nasdaq,Health Care,"Pharmaceuticals, Biotechnology and Life Sciences",Biotechnology,Biotechnology,US
Wabash National Corp,WNC,"New York Stock Exchange, Inc.",Industrials,Capital Goods,Machinery,Construction Machinery and Heavy Trucks,US
Walgreens Boots Alliance Inc,WBA,Nasdaq,Consumer Staples,Food and Staples Retailing,Food & Staples Retailing,Drug Retail,US
Walmart Inc,WMT,"New York Stock Exchange, Inc.",Consumer Staples,Food and Staples Retailing,Food & Staples Retailing,Hypermarkets & Super Centers,US
WD-40 Co,WDFC,Nasdaq,Consumer Staples,Household and Personal Products,Household Products,Household Products,US
Weg SA,WEGE3.SA,B3 S.A.,Industrials,Capital Goods,Electrical Equipment,Electrical Components and Equipment,Brazil
Wells Fargo & Co,WFC,"New York Stock Exchange, Inc.",Financials,Banks,Banks,Diversified Banks,US
Whitbread PLC,WTB.L,London Stock Exchange,Consumer Discretionary,Consumer Services,"Hotels, Restaurants and Leisure","Hotels, Resorts and Cruise Lines",UK
Williams-Sonoma Inc,WSM,"New York Stock Exchange, Inc.",Consumer Discretionary,Retailing,Specialty Retail,Homefurnishing Retail,US
Wipro Ltd,WIPRO.BO,BSE LTD,Information Technology,Software and Services,IT Services,IT Consulting and Other Services,India
Wuliangye Yibin Co Ltd,000858.SZ,Shenzhen Stock Exchange,Consumer Staples,"Food, Beverage and Tobacco",Beverages,Distillers and Vintners,China
Wyndham Hotels & Resorts Inc,WH,"New York Stock Exchange, Inc.",Consumer Discretionary,Consumer Services,"Hotels, Restaurants and Leisure","Hotels, Resorts and Cruise Lines",US
Wynnstay Group PLC,WYN.L,London Stock Exchange,Consumer Staples,"Food, Beverage and Tobacco",Food Products,Agricultural Products,UK
Xerox Holdings Corp,XRX,"New York Stock Exchange, Inc.",Information Technology,Technology Hardware and Equipment,"Technology Hardware, Storage & Peripherals","Technology Hardware, Storage & Peripherals",US
Yes Bank Ltd,YESBANK.BO,BSE LTD,Financials,Banks,Banks,Diversified Banks,India
Yum Brands Inc,YUM,"New York Stock Exchange, Inc.",Consumer Discretionary,Consumer Services,"Hotels, Restaurants and Leisure",Restaurants,US
Zogenix Inc,ZGNX,Nasdaq,Health Care,Pharmaceuticals and Biotechnology,Pharmaceuticals,Pharmaceuticals,US
ZTO Express (Cayman) Inc,ZTO,"New York Stock Exchange, Inc.",Industrials,Transportation,Air Freight and Logistics,Air Freight and Logistics,US
